{
  "test": {
    "dataset": "test",
    "overall": {
      "depth": {
        "max": 1222283776.0,
        "mean": 85.64746686816005,
        "min": 0.22741802036762238,
        "std": 196442.5624019294
      },
      "files": {
        "listed": 1015,
        "missing_depth": 0,
        "processed": 1015
      },
      "pixels": {
        "invalid": 29590415,
        "total": 586554062,
        "valid": 556963647,
        "valid_ratio": 0.9495521096570294
      },
      "quantiles": {
        "q01": 0.9189609289169312,
        "q05": 1.0853227376937866,
        "q10": 1.2330659627914429,
        "q25": 1.574784517288208,
        "q50": 2.479916572570801,
        "q75": 3.971182107925415,
        "q90": 5.294102859497087,
        "q95": 6.412853717803955,
        "q99": 15.084771156311035
      },
      "trim_05_95": {
        "count": 501267292,
        "high": 6.412853717803955,
        "low": 1.0853227376937866,
        "max": 6.412853717803955,
        "mean": 2.8149041352281134,
        "min": 1.0853227376937866,
        "std": 1.3398442482009447
      }
    },
    "scenes": {
      "Test/0166": {
        "depth": {
          "max": 42780920.0,
          "mean": 6.069115281775668,
          "min": 0.2459218055009842,
          "std": 11168.006233103231
        },
        "files": {
          "listed": 296,
          "missing_depth": 0,
          "processed": 296
        },
        "pixels": {
          "invalid": 5160953,
          "total": 172161298,
          "valid": 167000345,
          "valid_ratio": 0.9700225715073315
        },
        "quantiles": {
          "q01": 0.8561000227928162,
          "q05": 0.9626905918121338,
          "q10": 1.0288918018341064,
          "q25": 1.1793166399002075,
          "q50": 1.3864493370056152,
          "q75": 1.6398354768753052,
          "q90": 1.9196680307388299,
          "q95": 2.107551097869873,
          "q99": 2.383661985397339
        },
        "trim_05_95": {
          "count": 150300311,
          "high": 2.107551097869873,
          "low": 0.9626905918121338,
          "max": 2.107551097869873,
          "mean": 1.4196943883024835,
          "min": 0.9626905918121338,
          "std": 0.27499217912657914
        }
      },
      "Test/0415": {
        "depth": {
          "max": 793397952.0,
          "mean": 76.6823957377072,
          "min": 0.26872876286506653,
          "std": 218209.3671119783
        },
        "files": {
          "listed": 300,
          "missing_depth": 0,
          "processed": 300
        },
        "pixels": {
          "invalid": 14547554,
          "total": 174250181,
          "valid": 159702627,
          "valid_ratio": 0.916513406663262
        },
        "quantiles": {
          "q01": 1.1892172408103943,
          "q05": 1.4289522528648377,
          "q10": 1.6414789676666262,
          "q25": 2.366521954536438,
          "q50": 3.6872596740722656,
          "q75": 4.745225429534912,
          "q90": 5.608940601348877,
          "q95": 6.183579778671259,
          "q99": 7.5211561870575
        },
        "trim_05_95": {
          "count": 143732368,
          "high": 6.183579778671259,
          "low": 1.4289522528648377,
          "max": 6.183579921722412,
          "mean": 3.622875168169073,
          "min": 1.4289522171020508,
          "std": 1.2738447549645224
        }
      },
      "Test/0502": {
        "depth": {
          "max": 1222283776.0,
          "mean": 149.58090917320266,
          "min": 0.22741802036762238,
          "std": 245412.03528950372
        },
        "files": {
          "listed": 419,
          "missing_depth": 0,
          "processed": 419
        },
        "pixels": {
          "invalid": 9881908,
          "total": 240142583,
          "valid": 230260675,
          "valid_ratio": 0.9588498304775875
        },
        "quantiles": {
          "q01": 1.2583653616905213,
          "q05": 1.63911589384079,
          "q10": 1.873943567276001,
          "q25": 2.345134735107422,
          "q50": 3.1430575847625732,
          "q75": 4.23673677444458,
          "q90": 6.155414581298828,
          "q95": 11.461822128295864,
          "q99": 18.027353286743164
        },
        "trim_05_95": {
          "count": 207234607,
          "high": 11.461822128295864,
          "low": 1.63911589384079,
          "max": 11.461821556091309,
          "mean": 3.526657269712052,
          "min": 1.6391159296035767,
          "std": 1.654728137965765
        }
      }
    }
  },
  "train": {
    "dataset": "train",
    "overall": {
      "depth": {
        "max": null,
        "mean": null,
        "min": null,
        "std": null
      },
      "files": {
        "listed": 9552,
        "missing_depth": 9552,
        "processed": 0
      },
      "pixels": {
        "invalid": 0,
        "total": 0,
        "valid": 0,
        "valid_ratio": null
      },
      "quantiles": {},
      "trim_05_95": {
        "count": 0,
        "high": null,
        "low": null,
        "max": null,
        "mean": null,
        "min": null,
        "std": null
      }
    }
  },
  "tri_val": {
    "dataset": "tri_val",
    "overall": {
      "depth": {
        "max": 142386816.0,
        "mean": 28.803269933239047,
        "min": 0.21562911570072174,
        "std": 39997.21786664074
      },
      "files": {
        "listed": 608,
        "missing_depth": 52,
        "processed": 556
      },
      "pixels": {
        "invalid": 8819170,
        "total": 320189499,
        "valid": 311370329,
        "valid_ratio": 0.9724564046368054
      },
      "quantiles": {
        "q01": 0.6871423292160035,
        "q05": 0.8237941861152649,
        "q10": 0.9154031157493592,
        "q25": 1.1613537073135376,
        "q50": 1.7365260124206543,
        "q75": 2.800647020339966,
        "q90": 4.601863384246826,
        "q95": 6.115947723388672,
        "q99": 8.343495101928681
      },
      "trim_05_95": {
        "count": 280233303,
        "high": 6.115947723388672,
        "low": 0.8237941861152649,
        "max": 6.115947723388672,
        "mean": 2.0992398707913362,
        "min": 0.8237941861152649,
        "std": 1.1639312640081014
      }
    },
    "scenes": {
      "Validation/DJI_0242": {
        "depth": {
          "max": 22610346.0,
          "mean": 2.4459404882878557,
          "min": 0.21562911570072174,
          "std": 3283.6833843683685
        },
        "files": {
          "listed": 289,
          "missing_depth": 21,
          "processed": 268
        },
        "pixels": {
          "invalid": 3863470,
          "total": 153239377,
          "valid": 149375907,
          "valid_ratio": 0.9747880076541945
        },
        "quantiles": {
          "q01": 0.7204057574272156,
          "q05": 0.8349960625171662,
          "q10": 0.9195021390914917,
          "q25": 1.1503190994262695,
          "q50": 1.535133719444275,
          "q75": 2.071678400039673,
          "q90": 2.6346024036407485,
          "q95": 2.991225242614746,
          "q99": 3.596149907112121
        },
        "trim_05_95": {
          "count": 134438327,
          "high": 2.991225242614746,
          "low": 0.8349960625171662,
          "max": 2.991225242614746,
          "mean": 1.6310544430581904,
          "min": 0.8349960446357727,
          "std": 0.5394352617475208
        }
      },
      "Validation/DJI_0427": {
        "depth": {
          "max": 111415720.0,
          "mean": 46.471417921458475,
          "min": 0.3584871292114258,
          "std": 48613.194886358724
        },
        "files": {
          "listed": 248,
          "missing_depth": 22,
          "processed": 226
        },
        "pixels": {
          "invalid": 4436858,
          "total": 130981690,
          "valid": 126544832,
          "valid_ratio": 0.9661261203760617
        },
        "quantiles": {
          "q01": 0.6561642289161682,
          "q05": 0.7793167561292649,
          "q10": 0.8725360631942749,
          "q25": 1.0680038928985596,
          "q50": 1.6662281155586243,